"You can use this transaction report to inform your likely tax obligations. For US customers, Sells, Converts, Rewards Income, Learning Rewards, and Donations are taxable events. For final tax obligations, please consult your tax advisor.",,,,,,,,,
,,,,,,,,,
,,,,,,,,,
,,,,,,,,,
"Transactions",,,,,,,,,
"User","xxxxxxx","xxxxxxxx",,,,,,,
,,,,,,,,,
"Timestamp","Transaction Type","Asset","Quantity Transacted","Spot Price Currency","Spot Price at Transaction","Subtotal","Total (inclusive of fees and/or spread)","Fees and/or Spread","Notes"
"2023-01-21T20:00:08Z","Advanced Trade Buy","ALGO",43,"EUR",0.2262,9.73,9.78,0.05836,"Bought 43.0000 ALGO for €9.78 EUR on ALGO-EUR"
"2023-01-21T20:00:08Z","Advanced Trade Buy","ALGO",0.944994,"EUR",0.2262,0.213758,0.21504,0.001283,"Bought 0.944994 ALGO for €0.22 EUR on ALGO-EUR"
"2023-04-14T11:10:51Z","Rewards Income","ALGO",0.30232,"EUR",0.2,0.06,0.06,0,"Received 0.30232 ALGO from Coinbase Rewards"
"2023-01-27T17:47:25Z","Advanced Trade Buy","ATOM",7.384,"EUR",12.11,89.42,89.96,0.536521,"Bought 7.3840 ATOM for €89.96 EUR on ATOM-EUR"
"2023-01-27T17:47:25Z","Advanced Trade Buy","ATOM",0.003549,"EUR",12.11,0.042978,0.043236,0.000258,"Bought 0.003549 ATOM for €0.04 EUR on ATOM-EUR"
"2023-02-16T18:17:58Z","Rewards Income","ATOM",0.006434,"EUR",13.32,0.09,0.09,0,"Received 0.006434 ATOM from Coinbase Rewards"
"2023-02-18T07:58:18Z","Rewards Income","ATOM",0.002295,"EUR",13.13,0.03,0.03,0,"Received 0.002295 ATOM from Coinbase Rewards"
"2023-02-28T17:03:12Z","Rewards Income","ATOM",0.009633,"EUR",11.77,0.11,0.11,0,"Received 0.009633 ATOM from Coinbase Rewards"
"2023-02-28T17:38:34Z","Rewards Income","ATOM",0.009938,"EUR",11.81,0.12,0.12,0,"Received 0.009938 ATOM from Coinbase Rewards"
"2023-03-11T09:08:43Z","Rewards Income","ATOM",0.000544,"EUR",10.19,0.01,0.01,0,"Received 0.000544 ATOM from Coinbase Rewards"
"2023-04-04T18:53:53Z","Rewards Income","ATOM",0.001799,"EUR",10.35,0.02,0.02,0,"Received 0.001799 ATOM from Coinbase Rewards"
"2023-04-05T00:36:25Z","Rewards Income","ATOM",0.002153,"EUR",10.33,0.02,0.02,0,"Received 0.002153 ATOM from Coinbase Rewards"
"2023-04-05T01:53:46Z","Rewards Income","ATOM",0.00871,"EUR",10.37,0.09,0.09,0,"Received 0.00871 ATOM from Coinbase Rewards"
"2023-04-10T19:26:41Z","Rewards Income","ATOM",0.000577,"EUR",10.22,0.01,0.01,0,"Received 0.000577 ATOM from Coinbase Rewards"
"2023-04-10T19:52:44Z","Rewards Income","ATOM",0.000832,"EUR",10.24,0.01,0.01,0,"Received 0.000832 ATOM from Coinbase Rewards"
"2023-04-10T23:30:43Z","Rewards Income","ATOM",0.000857,"EUR",10.3,0.01,0.01,0,"Received 0.000857 ATOM from Coinbase Rewards"
"2023-04-11T01:59:35Z","Rewards Income","ATOM",0.004132,"EUR",10.34,0.04,0.04,0,"Received 0.004132 ATOM from Coinbase Rewards"
"2023-04-11T02:10:57Z","Rewards Income","ATOM",0.001081,"EUR",10.34,0.01,0.01,0,"Received 0.001081 ATOM from Coinbase Rewards"
"2023-04-11T02:31:50Z","Rewards Income","ATOM",0.000069,"EUR",10.34,0,0,0,"Received 0.000069 ATOM from Coinbase Rewards"
"2023-04-11T03:44:13Z","Rewards Income","ATOM",0.000054,"EUR",10.27,0,0,0,"Received 0.000054 ATOM from Coinbase Rewards"
"2023-04-11T06:46:49Z","Rewards Income","ATOM",0.009538,"EUR",10.34,0.1,0.1,0,"Received 0.009538 ATOM from Coinbase Rewards"
"2023-04-11T09:47:09Z","Rewards Income","ATOM",0.000047,"EUR",10.36,0,0,0,"Received 0.000047 ATOM from Coinbase Rewards"
"2023-04-11T11:49:14Z","Rewards Income","ATOM",0.011332,"EUR",10.43,0.12,0.12,0,"Received 0.011332 ATOM from Coinbase Rewards"
"2023-04-11T12:03:29Z","Rewards Income","ATOM",0.000448,"EUR",10.4,0,0,0,"Received 0.000448 ATOM from Coinbase Rewards"
"2023-04-11T14:27:03Z","Rewards Income","ATOM",0.001234,"EUR",10.41,0.01,0.01,0,"Received 0.001234 ATOM from Coinbase Rewards"
"2023-04-11T14:31:11Z","Rewards Income","ATOM",0.001022,"EUR",10.41,0.01,0.01,0,"Received 0.001022 ATOM from Coinbase Rewards"
"2023-04-11T15:19:48Z","Rewards Income","ATOM",0.000031,"EUR",10.4,0,0,0,"Received 0.000031 ATOM from Coinbase Rewards"
"2023-04-17T21:39:23Z","Rewards Income","ATOM",0.003432,"EUR",11.33,0.04,0.04,0,"Received 0.003432 ATOM from Coinbase Rewards"
"2023-04-17T23:13:02Z","Rewards Income","ATOM",0.012469,"EUR",11.34,0.14,0.14,0,"Received 0.012469 ATOM from Coinbase Rewards"
"2023-04-18T01:12:49Z","Rewards Income","ATOM",0.002645,"EUR",11.18,0.03,0.03,0,"Received 0.002645 ATOM from Coinbase Rewards"
"2023-04-18T02:18:59Z","Rewards Income","ATOM",0.002161,"EUR",11.29,0.02,0.02,0,"Received 0.002161 ATOM from Coinbase Rewards"
"2023-04-27T08:38:05Z","Rewards Income","ATOM",0.003117,"EUR",10.16,0.03,0.03,0,"Received 0.003117 ATOM from Coinbase Rewards"
"2023-04-27T09:34:14Z","Rewards Income","ATOM",0.001891,"EUR",10.12,0.02,0.02,0,"Received 0.001891 ATOM from Coinbase Rewards"
"2023-04-27T10:05:22Z","Rewards Income","ATOM",0.001752,"EUR",10.18,0.02,0.02,0,"Received 0.001752 ATOM from Coinbase Rewards"
"2023-04-27T10:41:08Z","Rewards Income","ATOM",0.01519,"EUR",10.25,0.16,0.16,0,"Received 0.01519 ATOM from Coinbase Rewards"
"2023-04-27T11:10:52Z","Rewards Income","ATOM",0.002448,"EUR",10.39,0.03,0.03,0,"Received 0.002448 ATOM from Coinbase Rewards"
"2023-04-27T11:46:33Z","Rewards Income","ATOM",0.007581,"EUR",10.3,0.08,0.08,0,"Received 0.007581 ATOM from Coinbase Rewards"
"2023-05-03T18:46:05Z","Rewards Income","ATOM",0.002104,"EUR",9.91,0.02,0.02,0,"Received 0.002104 ATOM from Coinbase Rewards"
"2023-05-03T21:43:00Z","Rewards Income","ATOM",0.001471,"EUR",10.02,0.01,0.01,0,"Received 0.001471 ATOM from Coinbase Rewards"
"2023-05-03T21:51:29Z","Rewards Income","ATOM",0.002268,"EUR",10.03,0.02,0.02,0,"Received 0.002268 ATOM from Coinbase Rewards"
"2023-05-03T22:50:06Z","Rewards Income","ATOM",0.006824,"EUR",10.05,0.07,0.07,0,"Received 0.006824 ATOM from Coinbase Rewards"
"2023-05-03T23:25:08Z","Rewards Income","ATOM",0.001751,"EUR",10.04,0.02,0.02,0,"Received 0.001751 ATOM from Coinbase Rewards"
"2023-05-11T18:51:38Z","Rewards Income","ATOM",0.002783,"EUR",9.8,0.03,0.03,0,"Received 0.002783 ATOM from Coinbase Rewards"
"2023-05-12T18:19:26Z","Rewards Income","ATOM",0.006167,"EUR",10.01,0.06,0.06,0,"Received 0.006167 ATOM from Coinbase Rewards"
"2023-05-12T21:47:53Z","Rewards Income","ATOM",0.003227,"EUR",10.18,0.03,0.03,0,"Received 0.003227 ATOM from Coinbase Rewards"
"2023-05-12T22:38:09Z","Rewards Income","ATOM",0.012116,"EUR",10.23,0.12,0.12,0,"Received 0.012116 ATOM from Coinbase Rewards"
"2023-05-26T17:07:03Z","Rewards Income","ATOM",0.001262,"EUR",9.84,0.01,0.01,0,"Received 0.001262 ATOM from Coinbase Rewards"
"2023-05-26T19:21:56Z","Rewards Income","ATOM",0.003559,"EUR",9.84,0.04,0.04,0,"Received 0.003559 ATOM from Coinbase Rewards"
"2023-05-26T23:59:02Z","Rewards Income","ATOM",0.001338,"EUR",9.82,0.01,0.01,0,"Received 0.001338 ATOM from Coinbase Rewards"
"2023-05-27T00:00:43Z","Rewards Income","ATOM",0.012558,"EUR",9.81,0.12,0.12,0,"Received 0.012558 ATOM from Coinbase Rewards"
"2023-05-27T02:26:47Z","Rewards Income","ATOM",0.0085,"EUR",9.82,0.08,0.08,0,"Received 0.0085 ATOM from Coinbase Rewards"
"2023-05-27T02:50:23Z","Rewards Income","ATOM",0.001548,"EUR",9.84,0.02,0.02,0,"Received 0.001548 ATOM from Coinbase Rewards"
"2023-05-27T03:44:26Z","Rewards Income","ATOM",0.01383,"EUR",9.86,0.14,0.14,0,"Received 0.01383 ATOM from Coinbase Rewards"
"2023-06-05T20:35:36Z","Rewards Income","ATOM",0.002461,"EUR",9.34,0.02,0.02,0,"Received 0.002461 ATOM from Coinbase Rewards"
"2023-06-06T00:08:48Z","Rewards Income","ATOM",0.000545,"EUR",9.34,0.01,0.01,0,"Received 0.000545 ATOM from Coinbase Rewards"
"2023-06-06T01:10:08Z","Rewards Income","ATOM",0.00276,"EUR",9.32,0.03,0.03,0,"Received 0.00276 ATOM from Coinbase Rewards"
"2023-06-06T01:17:09Z","Rewards Income","ATOM",0.021904,"EUR",9.31,0.2,0.2,0,"Received 0.021904 ATOM from Coinbase Rewards"
"2023-06-06T01:50:45Z","Rewards Income","ATOM",0.018963,"EUR",9.28,0.18,0.18,0,"Received 0.018963 ATOM from Coinbase Rewards"
"2023-06-06T03:29:14Z","Rewards Income","ATOM",0.002594,"EUR",9.34,0.02,0.02,0,"Received 0.002594 ATOM from Coinbase Rewards"
"2023-06-06T03:33:03Z","Rewards Income","ATOM",0.003662,"EUR",9.32,0.03,0.03,0,"Received 0.003662 ATOM from Coinbase Rewards"
"2023-06-06T04:45:19Z","Rewards Income","ATOM",0.003846,"EUR",9.32,0.04,0.04,0,"Received 0.003846 ATOM from Coinbase Rewards"
"2023-06-09T02:12:22Z","Rewards Income","ATOM",0.000215,"EUR",8.73,0,0,0,"Received 0.000215 ATOM from Coinbase Rewards"
"2023-06-09T02:21:22Z","Rewards Income","ATOM",0.000036,"EUR",8.71,0,0,0,"Received 0.000036 ATOM from Coinbase Rewards"
"2023-06-09T18:16:27Z","Rewards Income","ATOM",0.034201,"EUR",8.65,0.3,0.3,0,"Received 0.034201 ATOM from Coinbase Rewards"
"2023-06-16T20:51:35Z","Rewards Income","ATOM",0.020227,"EUR",8.03,0.16,0.16,0,"Received 0.020227 ATOM from Coinbase Rewards"
"2023-06-23T20:53:31Z","Rewards Income","ATOM",0.020975,"EUR",8.61,0.18,0.18,0,"Received 0.020975 ATOM from Coinbase Rewards"
"2023-07-01T13:44:44Z","Rewards Income","ATOM",0.020848,"EUR",8.62,0.18,0.18,0,"Received 0.020848 ATOM from Coinbase Rewards"
"2023-07-08T13:46:58Z","Rewards Income","ATOM",0.029706,"EUR",8.41,0.25,0.25,0,"Received 0.029706 ATOM from Coinbase Rewards"
"2023-07-15T14:25:29Z","Rewards Income","ATOM",0.023008,"EUR",8.68,0.2,0.2,0,"Received 0.023008 ATOM from Coinbase Rewards"
"2023-07-15T18:39:03Z","Rewards Income","ATOM",0.000477,"EUR",8.71,0,0,0,"Received 0.000477 ATOM from Coinbase Rewards"
"2023-07-22T15:01:29Z","Rewards Income","ATOM",0.024066,"EUR",8.45,0.2,0.2,0,"Received 0.024066 ATOM from Coinbase Rewards"
"2023-07-22T16:47:51Z","Rewards Income","ATOM",0.000826,"EUR",8.47,0.01,0.01,0,"Received 0.000826 ATOM from Coinbase Rewards"
"2023-07-25T15:31:14Z","Rewards Income","ATOM",0.003023,"EUR",8.14,0.02,0.02,0,"Received 0.003023 ATOM from Coinbase Rewards"
"2023-07-25T20:41:39Z","Rewards Income","ATOM",0.002916,"EUR",8.08,0.02,0.02,0,"Received 0.002916 ATOM from Coinbase Rewards"
"2023-07-26T23:18:42Z","Rewards Income","ATOM",0.000202,"EUR",8.12,0,0,0,"Received 0.000202 ATOM from Coinbase Rewards"
"2023-07-27T02:58:29Z","Rewards Income","ATOM",0.000194,"EUR",8.11,0,0,0,"Received 0.000194 ATOM from Coinbase Rewards"
"2023-07-29T13:14:42Z","Rewards Income","ATOM",0.026102,"EUR",8.19,0.21,0.21,0,"Received 0.026102 ATOM from Coinbase Rewards"
"2023-08-07T13:07:41Z","Rewards Income","ATOM",0.021976,"EUR",7.7,0.17,0.17,0,"Received 0.021976 ATOM from Coinbase Rewards"
"2023-08-12T13:45:29Z","Rewards Income","ATOM",0.026716,"EUR",7.66,0.2,0.2,0,"Received 0.026716 ATOM from Coinbase Rewards"
"2023-08-19T14:24:18Z","Rewards Income","ATOM",0.016194,"EUR",6.95,0.11,0.11,0,"Received 0.016194 ATOM from Coinbase Rewards"
"2023-08-26T13:11:48Z","Rewards Income","ATOM",0.019193,"EUR",6.64,0.13,0.13,0,"Received 0.019193 ATOM from Coinbase Rewards"
"2022-12-18T14:06:29Z","Receive","WBTC",0.00006358,"EUR",15728.22,,,,"Received 0.00006358 WBTC from Mario Merlin"
"2022-07-26T14:59:14Z","Learning Reward","GRT",10.50972149,"EUR",0.09,0.95,0.95,0,"Received 10.50972149 GRT from Coinbase as a learning reward"
"2022-07-26T15:00:25Z","Learning Reward","GRT",10.49868766,"EUR",0.09,0.94,0.94,0,"Received 10.49868766 GRT from Coinbase as a learning reward"
"2022-07-26T15:00:52Z","Learning Reward","GRT",10.49868766,"EUR",0.09,0.94,0.94,0,"Received 10.49868766 GRT from Coinbase as a learning reward"
"2022-07-26T15:01:54Z","Learning Reward","GRT",10.52077853,"EUR",0.09,0.95,0.95,0,"Received 10.52077853 GRT from Coinbase as a learning reward"
"2022-07-26T15:09:21Z","Learning Reward","GRT",21.14164904,"EUR",0.09,1.9,1.9,0,"Received 21.14164904 GRT from Coinbase as a learning reward"
"2021-05-23T10:25:02Z","Buy","ADA",44.746295,"EUR",1.07,48.01,50,1.99,"Bought 44.746295 ADA for €50.00 EUR"
"2022-10-15T19:33:34Z","Rewards Income","ADA",0.017551,"EUR",0.37,0.01,0.01,0,"Received 0.017551 ADA from Coinbase Rewards"
"2022-10-16T13:05:07Z","Rewards Income","ADA",0.01702,"EUR",0.37,0.01,0.01,0,"Received 0.01702 ADA from Coinbase Rewards"
"2022-10-18T21:11:53Z","Rewards Income","ADA",0.018207,"EUR",0.36,0.01,0.01,0,"Received 0.018207 ADA from Coinbase Rewards"
"2022-10-26T01:44:34Z","Rewards Income","ADA",0.017749,"EUR",0.39,0.01,0.01,0,"Received 0.017749 ADA from Coinbase Rewards"
"2022-10-29T22:33:18Z","Rewards Income","ADA",0.016665,"EUR",0.42,0.01,0.01,0,"Received 0.016665 ADA from Coinbase Rewards"
"2022-11-02T23:52:24Z","Rewards Income","ADA",0.018091,"EUR",0.39,0.01,0.01,0,"Received 0.018091 ADA from Coinbase Rewards"
"2022-11-08T10:02:52Z","Rewards Income","ADA",0.03501,"EUR",0.38,0.01,0.01,0,"Received 0.03501 ADA from Coinbase Rewards"
"2022-11-16T09:03:48Z","Rewards Income","ADA",0.032673,"EUR",0.32,0.01,0.01,0,"Received 0.032673 ADA from Coinbase Rewards"
"2022-11-21T16:41:14Z","Rewards Income","ADA",0.032367,"EUR",0.29,0.01,0.01,0,"Received 0.032367 ADA from Coinbase Rewards"
"2022-11-23T03:47:03Z","Rewards Income","ADA",0.0321,"EUR",0.3,0.01,0.01,0,"Received 0.0321 ADA from Coinbase Rewards"
"2022-11-28T04:34:40Z","Rewards Income","ADA",0.032281,"EUR",0.29,0.01,0.01,0,"Received 0.032281 ADA from Coinbase Rewards"
"2022-12-03T04:10:24Z","Rewards Income","ADA",0.061905,"EUR",0.3,0.02,0.02,0,"Received 0.061905 ADA from Coinbase Rewards"
"2022-12-09T04:06:54Z","Rewards Income","ADA",0.060443,"EUR",0.29,0.02,0.02,0,"Received 0.060443 ADA from Coinbase Rewards"
"2022-12-13T04:03:40Z","Rewards Income","ADA",0.059905,"EUR",0.28,0.02,0.02,0,"Received 0.059905 ADA from Coinbase Rewards"
"2022-12-21T04:45:58Z","Rewards Income","ADA",0.057976,"EUR",0.23,0.01,0.01,0,"Received 0.057976 ADA from Coinbase Rewards"
"2022-12-24T04:17:09Z","Rewards Income","ADA",0.057008,"EUR",0.24,0.01,0.01,0,"Received 0.057008 ADA from Coinbase Rewards"
"2022-12-29T04:10:05Z","Rewards Income","ADA",0.052611,"EUR",0.23,0.01,0.01,0,"Received 0.052611 ADA from Coinbase Rewards"
"2023-01-04T06:18:00Z","Rewards Income","ADA",0.053339,"EUR",0.24,0.01,0.01,0,"Received 0.053339 ADA from Coinbase Rewards"
"2023-01-07T04:43:27Z","Rewards Income","ADA",0.053374,"EUR",0.26,0.01,0.01,0,"Received 0.053374 ADA from Coinbase Rewards"
"2023-01-22T09:54:44Z","Rewards Income","ADA",0.049222,"EUR",0.34,0.02,0.02,0,"Received 0.049222 ADA from Coinbase Rewards"
"2023-01-24T10:42:11Z","Rewards Income","ADA",0.050166,"EUR",0.34,0.02,0.02,0,"Received 0.050166 ADA from Coinbase Rewards"
"2023-01-28T09:28:24Z","Rewards Income","ADA",0.05097,"EUR",0.35,0.02,0.02,0,"Received 0.05097 ADA from Coinbase Rewards"
"2023-02-01T09:48:41Z","Rewards Income","ADA",0.049076,"EUR",0.35,0.02,0.02,0,"Received 0.049076 ADA from Coinbase Rewards"
"2023-02-07T10:04:52Z","Rewards Income","ADA",0.049951,"EUR",0.36,0.02,0.02,0,"Received 0.049951 ADA from Coinbase Rewards"
"2023-02-12T08:59:20Z","Rewards Income","ADA",0.05002,"EUR",0.34,0.02,0.02,0,"Received 0.05002 ADA from Coinbase Rewards"
"2023-02-16T08:19:24Z","Rewards Income","ADA",0.047521,"EUR",0.37,0.02,0.02,0,"Received 0.047521 ADA from Coinbase Rewards"
"2023-02-21T03:35:40Z","Rewards Income","ADA",0.050481,"EUR",0.37,0.02,0.02,0,"Received 0.050481 ADA from Coinbase Rewards"
"2023-02-26T06:10:03Z","Rewards Income","ADA",0.050347,"EUR",0.34,0.02,0.02,0,"Received 0.050347 ADA from Coinbase Rewards"
"2023-03-09T09:25:06Z","Rewards Income","ADA",0.049289,"EUR",0.29,0.01,0.01,0,"Received 0.049289 ADA from Coinbase Rewards"
"2023-03-18T07:30:45Z","Rewards Income","ADA",0.04595,"EUR",0.32,0.01,0.01,0,"Received 0.04595 ADA from Coinbase Rewards"
"2023-03-31T21:20:54Z","Rewards Income","ADA",0.040872,"EUR",0.37,0.02,0.02,0,"Received 0.040872 ADA from Coinbase Rewards"
"2023-04-02T08:53:58Z","Rewards Income","ADA",0.041863,"EUR",0.35,0.01,0.01,0,"Received 0.041863 ADA from Coinbase Rewards"
"2023-04-03T19:39:18Z","Rewards Income","ADA",0.042733,"EUR",0.35,0.01,0.01,0,"Received 0.042733 ADA from Coinbase Rewards"
"2023-04-12T18:58:05Z","Rewards Income","ADA",0.052791,"EUR",0.36,0.02,0.02,0,"Received 0.052791 ADA from Coinbase Rewards"
"2023-04-16T22:00:40Z","Rewards Income","ADA",0.049494,"EUR",0.41,0.02,0.02,0,"Received 0.049494 ADA from Coinbase Rewards"
"2023-04-21T22:09:54Z","Rewards Income","ADA",0.048463,"EUR",0.34,0.02,0.02,0,"Received 0.048463 ADA from Coinbase Rewards"
"2023-04-26T22:17:18Z","Rewards Income","ADA",0.048029,"EUR",0.36,0.02,0.02,0,"Received 0.048029 ADA from Coinbase Rewards"
"2023-04-28T12:33:36Z","Rewards Income","ADA",0.045194,"EUR",0.36,0.02,0.02,0,"Received 0.045194 ADA from Coinbase Rewards"
"2023-04-29T11:44:59Z","Rewards Income","ADA",0.046232,"EUR",0.36,0.02,0.02,0,"Received 0.046232 ADA from Coinbase Rewards"
"2023-05-01T22:43:12Z","Rewards Income","ADA",0.048688,"EUR",0.35,0.02,0.02,0,"Received 0.048688 ADA from Coinbase Rewards"
"2023-05-06T21:46:41Z","Rewards Income","ADA",0.045117,"EUR",0.34,0.02,0.02,0,"Received 0.045117 ADA from Coinbase Rewards"
"2023-05-13T06:56:48Z","Rewards Income","ADA",0.04622,"EUR",0.33,0.02,0.02,0,"Received 0.04622 ADA from Coinbase Rewards"
"2023-05-24T06:44:00Z","Rewards Income","ADA",0.049571,"EUR",0.33,0.02,0.02,0,"Received 0.049571 ADA from Coinbase Rewards"
"2023-05-30T23:22:54Z","Rewards Income","ADA",0.053373,"EUR",0.35,0.02,0.02,0,"Received 0.053373 ADA from Coinbase Rewards"
"2023-06-01T20:37:59Z","Rewards Income","ADA",0.052347,"EUR",0.34,0.02,0.02,0,"Received 0.052347 ADA from Coinbase Rewards"
"2023-06-08T21:23:12Z","Rewards Income","ADA",0.052184,"EUR",0.3,0.02,0.02,0,"Received 0.052184 ADA from Coinbase Rewards"
"2023-06-10T21:11:56Z","Rewards Income","ADA",0.052623,"EUR",0.24,0.01,0.01,0,"Received 0.052623 ADA from Coinbase Rewards"
"2023-06-22T04:21:45Z","Rewards Income","ADA",0.049895,"EUR",0.27,0.01,0.01,0,"Received 0.049895 ADA from Coinbase Rewards"
"2023-06-22T14:58:19Z","Rewards Income","ADA",0.052816,"EUR",0.26,0.01,0.01,0,"Received 0.052816 ADA from Coinbase Rewards"
"2023-06-27T21:50:33Z","Rewards Income","ADA",0.051479,"EUR",0.26,0.01,0.01,0,"Received 0.051479 ADA from Coinbase Rewards"
"2023-07-02T00:49:01Z","Rewards Income","ADA",0.050982,"EUR",0.26,0.01,0.01,0,"Received 0.050982 ADA from Coinbase Rewards"
"2023-07-07T01:51:44Z","Rewards Income","ADA",0.053923,"EUR",0.25,0.01,0.01,0,"Received 0.053923 ADA from Coinbase Rewards"
"2023-07-20T21:36:01Z","Rewards Income","ADA",0.051652,"EUR",0.28,0.01,0.01,0,"Received 0.051652 ADA from Coinbase Rewards"
"2023-07-22T02:28:16Z","Rewards Income","ADA",0.052041,"EUR",0.28,0.01,0.01,0,"Received 0.052041 ADA from Coinbase Rewards"
"2023-07-27T06:40:18Z","Rewards Income","ADA",0.0529,"EUR",0.28,0.01,0.01,0,"Received 0.0529 ADA from Coinbase Rewards"
"2023-08-01T21:50:56Z","Rewards Income","ADA",0.051462,"EUR",0.27,0.01,0.01,0,"Received 0.051462 ADA from Coinbase Rewards"
"2023-08-03T04:29:33Z","Rewards Income","ADA",0.049574,"EUR",0.27,0.01,0.01,0,"Received 0.049574 ADA from Coinbase Rewards"
"2023-08-11T00:32:32Z","Rewards Income","ADA",0.051673,"EUR",0.27,0.01,0.01,0,"Received 0.051673 ADA from Coinbase Rewards"
"2023-08-12T05:10:13Z","Rewards Income","ADA",0.050034,"EUR",0.26,0.01,0.01,0,"Received 0.050034 ADA from Coinbase Rewards"
"2023-08-16T10:40:14Z","Rewards Income","ADA",0.052957,"EUR",0.25,0.01,0.01,0,"Received 0.052957 ADA from Coinbase Rewards"
"2023-08-24T21:36:24Z","Rewards Income","ADA",0.051746,"EUR",0.24,0.01,0.01,0,"Received 0.051746 ADA from Coinbase Rewards"
"2023-08-30T00:42:53Z","Rewards Income","ADA",0.050529,"EUR",0.24,0.01,0.01,0,"Received 0.050529 ADA from Coinbase Rewards"
"2023-08-31T00:12:39Z","Rewards Income","ADA",0.047584,"EUR",0.24,0.01,0.01,0,"Received 0.047584 ADA from Coinbase Rewards"
"2023-05-28T10:20:12Z","Rewards Income","DOT",0.0003285928,"EUR",5,0,0,0,"Received 0.00032859 DOT from Coinbase Rewards"
"2023-05-29T10:23:48Z","Rewards Income","DOT",0.0003380865,"EUR",5.11,0,0,0,"Received 0.00033809 DOT from Coinbase Rewards"
"2023-05-30T10:21:51Z","Rewards Income","DOT",0.0003112798,"EUR",5.12,0,0,0,"Received 0.00031128 DOT from Coinbase Rewards"
"2023-05-30T10:23:03Z","Rewards Income","DOT",0.0000085543,"EUR",5.12,0,0,0,"Received 0.00000855 DOT from Coinbase Rewards"
"2023-05-31T19:33:29Z","Rewards Income","DOT",0.0002225203,"EUR",4.96,0,0,0,"Received 0.00022252 DOT from Coinbase Rewards"
"2023-06-02T07:09:27Z","Rewards Income","DOT",0.0003213965,"EUR",4.89,0,0,0,"Received 0.0003214 DOT from Coinbase Rewards"
"2023-06-02T10:23:29Z","Rewards Income","DOT",0.0002739264,"EUR",4.89,0,0,0,"Received 0.00027393 DOT from Coinbase Rewards"
"2023-06-03T10:21:34Z","Rewards Income","DOT",0.0003188273,"EUR",4.93,0,0,0,"Received 0.00031883 DOT from Coinbase Rewards"
"2023-06-04T10:24:32Z","Rewards Income","DOT",0.0000416153,"EUR",5,0,0,0,"Received 0.00004162 DOT from Coinbase Rewards"
"2023-06-04T10:24:53Z","Rewards Income","DOT",0.0003677376,"EUR",5,0,0,0,"Received 0.00036774 DOT from Coinbase Rewards"
"2023-06-05T10:27:31Z","Rewards Income","DOT",0.0003640876,"EUR",4.94,0,0,0,"Received 0.00036409 DOT from Coinbase Rewards"
"2023-06-05T10:31:26Z","Rewards Income","DOT",0.0000240964,"EUR",4.94,0,0,0,"Received 0.0000241 DOT from Coinbase Rewards"
"2023-06-06T20:16:46Z","Rewards Income","DOT",0.0002918181,"EUR",4.91,0,0,0,"Received 0.00029182 DOT from Coinbase Rewards"
"2023-06-09T00:54:44Z","Rewards Income","DOT",0.0002843893,"EUR",4.64,0,0,0,"Received 0.00028439 DOT from Coinbase Rewards"
"2023-06-09T21:31:05Z","Rewards Income","DOT",0.0002459378,"EUR",4.64,0,0,0,"Received 0.00024594 DOT from Coinbase Rewards"
"2023-06-11T00:33:17Z","Rewards Income","DOT",0.0003583276,"EUR",4.18,0,0,0,"Received 0.00035833 DOT from Coinbase Rewards"
"2023-06-11T00:33:58Z","Rewards Income","DOT",0.0002852489,"EUR",4.18,0,0,0,"Received 0.00028525 DOT from Coinbase Rewards"
"2023-06-11T20:22:39Z","Rewards Income","DOT",0.0003599496,"EUR",4.22,0,0,0,"Received 0.00035995 DOT from Coinbase Rewards"
"2023-06-13T20:19:00Z","Rewards Income","DOT",0.000294073,"EUR",4.25,0,0,0,"Received 0.00029407 DOT from Coinbase Rewards"
"2023-06-14T20:21:02Z","Rewards Income","DOT",0.0003039507,"EUR",4.27,0,0,0,"Received 0.00030395 DOT from Coinbase Rewards"
"2023-06-15T21:49:30Z","Rewards Income","DOT",0.0005930421,"EUR",4.04,0,0,0,"Received 0.00059304 DOT from Coinbase Rewards"
"2023-06-16T21:04:45Z","Rewards Income","DOT",0.0002166461,"EUR",4.03,0,0,0,"Received 0.00021665 DOT from Coinbase Rewards"
"2023-06-17T22:13:33Z","Rewards Income","DOT",0.0000345558,"EUR",4.14,0,0,0,"Received 0.00003456 DOT from Coinbase Rewards"
"2023-06-18T20:23:19Z","Rewards Income","DOT",0.0003479409,"EUR",4.16,0,0,0,"Received 0.00034794 DOT from Coinbase Rewards"
"2023-06-19T20:23:20Z","Rewards Income","DOT",0.000345053,"EUR",4.13,0,0,0,"Received 0.00034505 DOT from Coinbase Rewards"
"2023-06-20T20:45:49Z","Rewards Income","DOT",0.0005207977,"EUR",4.25,0,0,0,"Received 0.0005208 DOT from Coinbase Rewards"
"2023-06-22T16:18:52Z","Rewards Income","DOT",0.0001934735,"EUR",4.39,0,0,0,"Received 0.00019347 DOT from Coinbase Rewards"
"2023-06-22T20:40:10Z","Rewards Income","DOT",0.0002451941,"EUR",4.41,0,0,0,"Received 0.00024519 DOT from Coinbase Rewards"
"2023-06-23T02:31:53Z","Rewards Income","DOT",0.0000158744,"EUR",4.45,0,0,0,"Received 0.00001587 DOT from Coinbase Rewards"
"2023-06-25T20:31:08Z","Rewards Income","DOT",0.0003889515,"EUR",4.74,0,0,0,"Received 0.00038895 DOT from Coinbase Rewards"
"2023-06-27T03:42:22Z","Rewards Income","DOT",0.0005557109,"EUR",4.65,0,0,0,"Received 0.00055571 DOT from Coinbase Rewards"
"2023-06-27T21:28:32Z","Rewards Income","DOT",0.0002916952,"EUR",4.65,0,0,0,"Received 0.0002917 DOT from Coinbase Rewards"
"2023-06-29T01:24:16Z","Rewards Income","DOT",0.0000245598,"EUR",4.52,0,0,0,"Received 0.00002456 DOT from Coinbase Rewards"
"2023-06-29T20:32:04Z","Rewards Income","DOT",0.0003032585,"EUR",4.55,0,0,0,"Received 0.00030326 DOT from Coinbase Rewards"
"2023-06-30T20:24:23Z","Rewards Income","DOT",0.0002975105,"EUR",4.69,0,0,0,"Received 0.00029751 DOT from Coinbase Rewards"
"2023-07-01T20:25:15Z","Rewards Income","DOT",0.0005352287,"EUR",4.88,0,0,0,"Received 0.00053523 DOT from Coinbase Rewards"
"2023-07-02T20:24:40Z","Rewards Income","DOT",0.0002869333,"EUR",4.95,0,0,0,"Received 0.00028693 DOT from Coinbase Rewards"
"2023-07-03T20:26:25Z","Rewards Income","DOT",0.0000882436,"EUR",4.97,0,0,0,"Received 0.00008824 DOT from Coinbase Rewards"
"2023-07-03T20:34:53Z","Rewards Income","DOT",0.0002023761,"EUR",4.97,0,0,0,"Received 0.00020238 DOT from Coinbase Rewards"
"2023-07-04T20:22:38Z","Rewards Income","DOT",0.0002806723,"EUR",4.9,0,0,0,"Received 0.00028067 DOT from Coinbase Rewards"
"2023-07-04T20:24:42Z","Rewards Income","DOT",0.0000455698,"EUR",4.91,0,0,0,"Received 0.00004557 DOT from Coinbase Rewards"
"2023-07-05T20:21:38Z","Rewards Income","DOT",0.000332098,"EUR",4.78,0,0,0,"Received 0.0003321 DOT from Coinbase Rewards"
"2023-07-07T20:33:09Z","Rewards Income","DOT",0.0004143287,"EUR",4.64,0,0,0,"Received 0.00041433 DOT from Coinbase Rewards"
"2023-07-08T20:16:32Z","Rewards Income","DOT",0.0006408199,"EUR",4.61,0,0,0,"Received 0.00064082 DOT from Coinbase Rewards"
"2023-07-09T20:29:54Z","Rewards Income","DOT",0.0002512763,"EUR",4.62,0,0,0,"Received 0.00025128 DOT from Coinbase Rewards"
"2023-07-10T20:34:27Z","Rewards Income","DOT",0.0003848296,"EUR",4.73,0,0,0,"Received 0.00038483 DOT from Coinbase Rewards"
"2023-07-11T22:57:26Z","Rewards Income","DOT",0.0003558811,"EUR",4.72,0,0,0,"Received 0.00035588 DOT from Coinbase Rewards"
"2023-07-13T20:49:05Z","Rewards Income","DOT",0.0000374267,"EUR",4.88,0,0,0,"Received 0.00003743 DOT from Coinbase Rewards"
"2023-07-13T20:59:31Z","Rewards Income","DOT",0.0002563638,"EUR",4.86,0,0,0,"Received 0.00025636 DOT from Coinbase Rewards"
"2023-07-14T20:27:27Z","Rewards Income","DOT",0.0002628111,"EUR",4.75,0,0,0,"Received 0.00026281 DOT from Coinbase Rewards"
"2023-07-15T20:27:20Z","Rewards Income","DOT",0.0003961468,"EUR",4.84,0,0,0,"Received 0.00039615 DOT from Coinbase Rewards"
"2023-07-16T20:16:21Z","Rewards Income","DOT",0.0005891454,"EUR",4.75,0,0,0,"Received 0.00058915 DOT from Coinbase Rewards"
"2023-07-17T20:33:48Z","Rewards Income","DOT",0.0002847041,"EUR",4.63,0,0,0,"Received 0.0002847 DOT from Coinbase Rewards"
"2023-07-18T20:50:47Z","Rewards Income","DOT",0.0000838174,"EUR",4.58,0,0,0,"Received 0.00008382 DOT from Coinbase Rewards"
"2023-07-18T20:51:02Z","Rewards Income","DOT",0.0002987413,"EUR",4.58,0,0,0,"Received 0.00029874 DOT from Coinbase Rewards"
"2023-07-19T22:12:34Z","Rewards Income","DOT",0.000303605,"EUR",4.63,0,0,0,"Received 0.00030361 DOT from Coinbase Rewards"
"2023-07-20T21:26:18Z","Rewards Income","DOT",0.0003244298,"EUR",4.74,0,0,0,"Received 0.00032443 DOT from Coinbase Rewards"
"2023-07-22T21:14:37Z","Rewards Income","DOT",0.0005766302,"EUR",4.81,0,0,0,"Received 0.00057663 DOT from Coinbase Rewards"
"2023-07-23T20:31:24Z","Rewards Income","DOT",0.0002901149,"EUR",4.9,0,0,0,"Received 0.00029011 DOT from Coinbase Rewards"
"2023-07-24T20:30:46Z","Rewards Income","DOT",0.0000364392,"EUR",4.7,0,0,0,"Received 0.00003644 DOT from Coinbase Rewards"
"2023-07-26T22:20:52Z","Rewards Income","DOT",0.0006238054,"EUR",4.71,0,0,0,"Received 0.00062381 DOT from Coinbase Rewards"
"2023-07-27T20:48:35Z","Rewards Income","DOT",0.0004685943,"EUR",4.74,0,0,0,"Received 0.00046859 DOT from Coinbase Rewards"
"2023-07-28T22:26:16Z","Rewards Income","DOT",0.0002212021,"EUR",4.72,0,0,0,"Received 0.0002212 DOT from Coinbase Rewards"
"2023-07-29T20:52:13Z","Rewards Income","DOT",0.0003198948,"EUR",4.76,0,0,0,"Received 0.00031989 DOT from Coinbase Rewards"
"2023-07-29T21:05:37Z","Rewards Income","DOT",0.0000657915,"EUR",4.75,0,0,0,"Received 0.00006579 DOT from Coinbase Rewards"
"2023-07-30T21:05:20Z","Rewards Income","DOT",0.0000854161,"EUR",4.7,0,0,0,"Received 0.00008542 DOT from Coinbase Rewards"
"2023-07-31T20:52:33Z","Rewards Income","DOT",0.0002913761,"EUR",4.62,0,0,0,"Received 0.00029138 DOT from Coinbase Rewards"
"2023-08-01T22:37:36Z","Rewards Income","DOT",0.0003098637,"EUR",4.67,0,0,0,"Received 0.00030986 DOT from Coinbase Rewards"
"2023-08-02T22:39:00Z","Rewards Income","DOT",0.000710979,"EUR",4.62,0,0,0,"Received 0.00071098 DOT from Coinbase Rewards"
"2023-08-03T21:17:09Z","Rewards Income","DOT",0.0002923097,"EUR",4.57,0,0,0,"Received 0.00029231 DOT from Coinbase Rewards"
"2023-08-04T23:08:46Z","Rewards Income","DOT",0.0000434124,"EUR",4.52,0,0,0,"Received 0.00004341 DOT from Coinbase Rewards"
"2023-08-05T00:10:33Z","Rewards Income","DOT",0.0002953133,"EUR",4.52,0,0,0,"Received 0.00029531 DOT from Coinbase Rewards"
"2023-08-07T21:37:44Z","Rewards Income","DOT",0.0002906273,"EUR",4.51,0,0,0,"Received 0.00029063 DOT from Coinbase Rewards"
"2023-08-07T21:41:41Z","Rewards Income","DOT",0.0003350854,"EUR",4.51,0,0,0,"Received 0.00033509 DOT from Coinbase Rewards"
"2023-08-08T20:59:49Z","Rewards Income","DOT",0.0005664585,"EUR",4.61,0,0,0,"Received 0.00056646 DOT from Coinbase Rewards"
"2023-08-09T21:25:56Z","Rewards Income","DOT",0.0002684761,"EUR",4.56,0,0,0,"Received 0.00026848 DOT from Coinbase Rewards"
"2023-08-10T22:31:02Z","Rewards Income","DOT",0.0001465093,"EUR",4.55,0,0,0,"Received 0.00014651 DOT from Coinbase Rewards"
"2023-08-10T22:35:15Z","Rewards Income","DOT",0.0003549345,"EUR",4.55,0,0,0,"Received 0.00035493 DOT from Coinbase Rewards"
"2023-08-11T22:26:01Z","Rewards Income","DOT",0.000041976,"EUR",4.56,0,0,0,"Received 0.00004198 DOT from Coinbase Rewards"
"2023-08-12T23:49:12Z","Rewards Income","DOT",0.0002974795,"EUR",4.59,0,0,0,"Received 0.00029748 DOT from Coinbase Rewards"
"2023-08-13T21:00:31Z","Rewards Income","DOT",0.0003389067,"EUR",4.59,0,0,0,"Received 0.00033891 DOT from Coinbase Rewards"
"2023-08-14T20:54:14Z","Rewards Income","DOT",0.0006481368,"EUR",4.56,0,0,0,"Received 0.00064814 DOT from Coinbase Rewards"
"2023-08-16T03:43:36Z","Rewards Income","DOT",0.0003890235,"EUR",4.42,0,0,0,"Received 0.00038902 DOT from Coinbase Rewards"
"2023-08-16T21:34:35Z","Rewards Income","DOT",0.0000529306,"EUR",4.23,0,0,0,"Received 0.00005293 DOT from Coinbase Rewards"
"2023-08-17T21:06:37Z","Rewards Income","DOT",0.0002908783,"EUR",4.26,0,0,0,"Received 0.00029088 DOT from Coinbase Rewards"
"2023-08-18T21:00:03Z","Rewards Income","DOT",0.0003141966,"EUR",4.15,0,0,0,"Received 0.0003142 DOT from Coinbase Rewards"
"2023-08-19T20:52:12Z","Rewards Income","DOT",0.0004286045,"EUR",4.15,0,0,0,"Received 0.0004286 DOT from Coinbase Rewards"
"2023-08-20T20:51:20Z","Rewards Income","DOT",0.0005611128,"EUR",4.15,0,0,0,"Received 0.00056111 DOT from Coinbase Rewards"
"2023-08-21T20:50:48Z","Rewards Income","DOT",0.0003029207,"EUR",4.07,0,0,0,"Received 0.00030292 DOT from Coinbase Rewards"
"2023-08-22T20:59:12Z","Rewards Income","DOT",0.0003303485,"EUR",4,0,0,0,"Received 0.00033035 DOT from Coinbase Rewards"
"2023-08-22T21:47:08Z","Rewards Income","DOT",0.0000360757,"EUR",3.98,0,0,0,"Received 0.00003608 DOT from Coinbase Rewards"
"2023-08-23T21:00:38Z","Rewards Income","DOT",0.0003646027,"EUR",4.13,0,0,0,"Received 0.0003646 DOT from Coinbase Rewards"
"2023-08-25T00:48:45Z","Rewards Income","DOT",0.0002926195,"EUR",4.08,0,0,0,"Received 0.00029262 DOT from Coinbase Rewards"
"2023-08-25T20:53:26Z","Rewards Income","DOT",0.0002567357,"EUR",4.12,0,0,0,"Received 0.00025674 DOT from Coinbase Rewards"
"2023-08-26T21:06:44Z","Rewards Income","DOT",0.000274244,"EUR",4.17,0,0,0,"Received 0.00027424 DOT from Coinbase Rewards"
"2023-08-27T20:46:59Z","Rewards Income","DOT",0.0002092602,"EUR",4.15,0,0,0,"Received 0.00020926 DOT from Coinbase Rewards"
"2023-08-28T21:02:17Z","Rewards Income","DOT",0.000312478,"EUR",4.22,0,0,0,"Received 0.00031248 DOT from Coinbase Rewards"
"2023-08-29T20:57:21Z","Rewards Income","DOT",0.000126945,"EUR",4.28,0,0,0,"Received 0.00012695 DOT from Coinbase Rewards"
"2023-08-29T21:02:54Z","Rewards Income","DOT",0.0003194942,"EUR",4.28,0,0,0,"Received 0.00031949 DOT from Coinbase Rewards"
"2023-08-31T02:08:00Z","Rewards Income","DOT",0.0000588878,"EUR",4.11,0,0,0,"Received 0.00005889 DOT from Coinbase Rewards"
"2023-08-31T03:13:24Z","Rewards Income","DOT",0.0001315645,"EUR",4.1,0,0,0,"Received 0.00013156 DOT from Coinbase Rewards"
"2023-06-02T18:35:01Z","Advanced Trade Buy","SOL",2.523,"EUR",19.69,49.68,49.98,0.298067,"Bought 2.5230 SOL for €49.98 EUR on SOL-EUR"
"2023-06-02T18:35:01Z","Advanced Trade Buy","SOL",0.001214792,"EUR",19.69,0.023919,0.024063,0.000144,"Bought 0.00121479 SOL for €0.02 EUR on SOL-EUR"
"2023-06-08T19:16:04Z","Rewards Income","SOL",0.000778933,"EUR",17.43,0.01,0.01,0,"Received 0.00077893 SOL from Coinbase Rewards"
"2023-06-15T03:13:28Z","Rewards Income","SOL",0.000770156,"EUR",13.68,0.01,0.01,0,"Received 0.00077016 SOL from Coinbase Rewards"
"2023-06-15T08:24:13Z","Rewards Income","SOL",0.000776048,"EUR",13.7,0.01,0.01,0,"Received 0.00077605 SOL from Coinbase Rewards"
"2023-06-17T17:17:46Z","Rewards Income","SOL",0.000749848,"EUR",14.41,0.01,0.01,0,"Received 0.00074985 SOL from Coinbase Rewards"
"2023-06-17T19:26:28Z","Rewards Income","SOL",0.000763317,"EUR",14.32,0.01,0.01,0,"Received 0.00076332 SOL from Coinbase Rewards"
"2023-06-20T22:18:45Z","Rewards Income","SOL",0.000770913,"EUR",15.09,0.01,0.01,0,"Received 0.00077091 SOL from Coinbase Rewards"
"2023-06-21T22:34:53Z","Rewards Income","SOL",0.000772761,"EUR",15.62,0.01,0.01,0,"Received 0.00077276 SOL from Coinbase Rewards"
"2023-06-22T21:11:43Z","Rewards Income","SOL",0.000770405,"EUR",15.37,0.01,0.01,0,"Received 0.00077041 SOL from Coinbase Rewards"
"2023-06-24T22:23:53Z","Rewards Income","SOL",0.000420731,"EUR",15.15,0.01,0.01,0,"Received 0.00042073 SOL from Coinbase Rewards"
"2023-06-27T16:44:32Z","Rewards Income","SOL",0.000351066,"EUR",15.2,0.01,0.01,0,"Received 0.00035107 SOL from Coinbase Rewards"
"2023-06-28T19:52:03Z","Rewards Income","SOL",0.000767021,"EUR",14.55,0.01,0.01,0,"Received 0.00076702 SOL from Coinbase Rewards"
"2023-06-29T23:25:12Z","Rewards Income","SOL",0.000765475,"EUR",16.56,0.01,0.01,0,"Received 0.00076548 SOL from Coinbase Rewards"
"2023-07-04T01:35:55Z","Rewards Income","SOL",0.000767948,"EUR",17.78,0.01,0.01,0,"Received 0.00076795 SOL from Coinbase Rewards"
"2023-07-06T19:25:39Z","Rewards Income","SOL",0.00076604,"EUR",19.07,0.01,0.01,0,"Received 0.00076604 SOL from Coinbase Rewards"
"2023-07-06T23:29:32Z","Rewards Income","SOL",0.000767814,"EUR",18.45,0.01,0.01,0,"Received 0.00076781 SOL from Coinbase Rewards"
"2023-07-13T22:39:44Z","Rewards Income","SOL",0.000761254,"EUR",22.84,0.02,0.02,0,"Received 0.00076125 SOL from Coinbase Rewards"
"2023-07-14T06:27:22Z","Rewards Income","SOL",0.000763571,"EUR",25.54,0.02,0.02,0,"Received 0.00076357 SOL from Coinbase Rewards"
"2023-07-16T17:16:11Z","Rewards Income","SOL",0.000763861,"EUR",24.93,0.02,0.02,0,"Received 0.00076386 SOL from Coinbase Rewards"
"2023-07-19T19:27:43Z","Rewards Income","SOL",0.000755198,"EUR",23.92,0.02,0.02,0,"Received 0.0007552 SOL from Coinbase Rewards"
"2023-07-19T20:06:54Z","Rewards Income","SOL",0.000763123,"EUR",23.87,0.02,0.02,0,"Received 0.00076312 SOL from Coinbase Rewards"
"2023-07-26T18:03:48Z","Rewards Income","SOL",0.000754,"EUR",22.3,0.02,0.02,0,"Received 0.000754 SOL from Coinbase Rewards"
"2023-07-27T09:26:59Z","Rewards Income","SOL",0.000769196,"EUR",22.79,0.02,0.02,0,"Received 0.0007692 SOL from Coinbase Rewards"
"2023-07-27T14:13:42Z","Rewards Income","SOL",0.000769607,"EUR",23.06,0.02,0.02,0,"Received 0.00076961 SOL from Coinbase Rewards"
"2023-07-28T18:26:06Z","Rewards Income","SOL",0.000770895,"EUR",22.68,0.02,0.02,0,"Received 0.0007709 SOL from Coinbase Rewards"
"2023-08-01T17:40:10Z","Rewards Income","SOL",0.000774491,"EUR",21.3,0.02,0.02,0,"Received 0.00077449 SOL from Coinbase Rewards"
"2023-08-02T18:37:37Z","Rewards Income","SOL",0.000772984,"EUR",21.07,0.02,0.02,0,"Received 0.00077298 SOL from Coinbase Rewards"
"2023-08-04T17:50:28Z","Rewards Income","SOL",0.00076702,"EUR",21.08,0.02,0.02,0,"Received 0.00076702 SOL from Coinbase Rewards"
"2023-08-07T20:12:04Z","Rewards Income","SOL",0.000775834,"EUR",20.82,0.02,0.02,0,"Received 0.00077583 SOL from Coinbase Rewards"
"2023-08-10T11:37:57Z","Advanced Trade Buy","SOL",2.244,"EUR",22.09,49.57,49.97,0.39656,"Bought 2.2440 SOL for €49.97 EUR on SOL-EUR"
"2023-08-10T11:37:57Z","Advanced Trade Buy","SOL",0.001503603,"EUR",22.09,0.033215,0.03348,0.000266,"Bought 0.0015036 SOL for €0.03 EUR on SOL-EUR"
"2023-08-11T21:32:56Z","Rewards Income","SOL",0.00076112,"EUR",22.3,0.02,0.02,0,"Received 0.00076112 SOL from Coinbase Rewards"
"2023-08-13T02:43:02Z","Rewards Income","SOL",0.000749499,"EUR",22.65,0.02,0.02,0,"Received 0.0007495 SOL from Coinbase Rewards"
"2023-08-13T03:25:17Z","Rewards Income","SOL",0.000758978,"EUR",22.68,0.02,0.02,0,"Received 0.00075898 SOL from Coinbase Rewards"
"2023-08-15T22:29:15Z","Rewards Income","SOL",0.000755295,"EUR",21.93,0.02,0.02,0,"Received 0.0007553 SOL from Coinbase Rewards"
"2023-08-16T18:49:51Z","Rewards Income","SOL",0.001405744,"EUR",21.58,0.03,0.03,0,"Received 0.00140574 SOL from Coinbase Rewards"
"2023-08-17T19:43:13Z","Rewards Income","SOL",0.001423044,"EUR",21.26,0.03,0.03,0,"Received 0.00142304 SOL from Coinbase Rewards"
"2023-08-19T21:13:15Z","Rewards Income","SOL",0.000736311,"EUR",20.03,0.01,0.01,0,"Received 0.00073631 SOL from Coinbase Rewards"
"2023-08-22T21:25:16Z","Rewards Income","SOL",0.001419886,"EUR",18.42,0.03,0.03,0,"Received 0.00141989 SOL from Coinbase Rewards"
"2023-08-24T22:45:32Z","Rewards Income","SOL",0.001411334,"EUR",19.35,0.03,0.03,0,"Received 0.00141133 SOL from Coinbase Rewards"
"2023-08-26T17:24:16Z","Rewards Income","SOL",0.001411226,"EUR",18.77,0.03,0.03,0,"Received 0.00141123 SOL from Coinbase Rewards"
"2023-08-30T20:25:02Z","Rewards Income","SOL",0.001413265,"EUR",19,0.03,0.03,0,"Received 0.00141327 SOL from Coinbase Rewards"
